>PF3D7_0102600.1-p1  gene_product=serine/threonine protein kinase, FIKK family 
>PF3D7_0102900.1-p1  gene_product=aspartate--tRNA ligase 
>PF3D7_0103400.1-p1  gene_product=zinc-carboxypeptidase, putative 
>PF3D7_0103600.1-p1  gene_product=ATP-dependent DNA/RNA helicase PSH1 
>PF3D7_0103700.1-p1  gene_product=L-seryl-tRNA(Sec) kinase, putative 
>PF3D7_0104300.1-p1  gene_product=ubiquitin carboxyl-terminal hydrolase 1, putative 
>PF3D7_0104400.1-p1  gene_product=4-hydroxy-3-methylbut-2-enyl diphosphate reductase 
>PF3D7_0105300.1-p1  gene_product=cyclase-associated protein 
>PF3D7_0105600.1-p1  gene_product=FtsJ-like methyltransferase, putative 
>PF3D7_0105900.1-p1  gene_product=3'-5' exonuclease, putative 
>PF3D7_0106300.1-p1  gene_product=calcium-transporting ATPase 
>PF3D7_0106900.1-p1  gene_product=2-C-methyl-D-erythritol 4-phosphate cytidylyltransferase, putative 
>PF3D7_0107400.1-p1  gene_product=ATP synthase-associated protein, putative 
>PF3D7_0107600.1-p1  gene_product=eukaryotic translation initiation factor 2-alpha kinase 2, putative 
>PF3D7_0107700.1-p1  gene_product=dolichyl-diphosphooligosaccharide--protein glycosyltransferase subunit OST3/OST6, putative 
>PF3D7_0109500.1-p1  gene_product=N-acetyltransferase, GNAT family, putative 
>PF3D7_0109850.1-p1  gene_product=phosphatidate cytidylyltransferase, putative 
>PF3D7_0110200.1-p1  gene_product=FAD-linked sulfhydryl oxidase ERV1, putative 
>PF3D7_0110400.1-p1  gene_product=DNA-directed RNA polymerase II subunit RPB9, putative 
>PF3D7_0110600.1-p1  gene_product=phosphatidylinositol-4-phosphate 5-kinase 
>PF3D7_0110900.1-p1  gene_product=adenylate kinase-like protein 1 
>PF3D7_0111500.1-p1  gene_product=UMP-CMP kinase, putative 
>PF3D7_0112000.1-p1  gene_product=TatD-like deoxyribonuclease 
>PF3D7_0202700.1-p1  gene_product=octaprenyl pyrophosphate synthase 
>PF3D7_0202900.1-p1  gene_product=palmitoyltransferase DHHC12, putative 
>PF3D7_0203900.1-p1  gene_product=5'-3' exonuclease, putative 
>PF3D7_0204500.1-p1  gene_product=aspartate transaminase 
>PF3D7_0204600.1-p1  gene_product=5'-3' exonuclease, putative 
>PF3D7_0204800.1-p1  gene_product=3'-5' exonuclease, putative 
>PF3D7_0204900.1-p1  gene_product=2-methoxy-6-polyprenyl-1,4-benzoquinol methylase, mitochondrial, putative 
>PF3D7_0205500.1-p1  gene_product=DNA-directed RNA polymerase II 16 kDa subunit, putative 
>PF3D7_0206600.1-p1  gene_product=DNA-directed RNA polymerase III subunit RPC10, putative 
>PF3D7_0206700.1-p1  gene_product=adenylosuccinate lyase 
>PF3D7_0209300.1-p1  gene_product=2C-methyl-D-erythritol 2,4-cyclodiphosphate synthase 
>PF3D7_0209800.1-p1  gene_product=ATP-dependent RNA helicase UAP56 
>PF3D7_0211300.1-p1  gene_product=ubiquinol-cytochrome-c reductase complex assembly factor 1, putative 
>PF3D7_0211400.1-p1  gene_product=beta-ketoacyl-ACP synthase III 
>PF3D7_0211600.1-p1  gene_product=UDP-N-acetylglucosamine transferase subunit ALG14, putative 
>PF3D7_0211700.1-p1  gene_product=tyrosine kinase-like protein, putative 
>PF3D7_0211800.1-p1  gene_product=asparagine--tRNA ligase 
>PF3D7_0211900.1-p1  gene_product=pseudouridine synthase, putative 
>PF3D7_0212300.1-p1  gene_product=eukaryotic peptide chain release factor subunit 1, putative 
>PF3D7_0215000.1-p1  gene_product=acyl-CoA synthetase 
>PF3D7_0215300.1-p1  gene_product=acyl-CoA synthetase 
>PF3D7_0215900.1-p1  gene_product=palmitoyltransferase DHHC11, putative 
>PF3D7_0217100.1-p1  gene_product=ATP synthase subunit alpha, mitochondrial 
>PF3D7_0217500.1-p1  gene_product=calcium-dependent protein kinase 1 
>PF3D7_0217900.1-p1  gene_product=thioesterase/thiol ester dehydrase-isomerase, putative 
>PF3D7_0218300.1-p1  gene_product=rRNA methyltransferase, putative 
>PF3D7_0219500.1-p1  gene_product=pseudouridine synthase, putative 
>PF3D7_0220800.1-p1  gene_product=cytoadherence linked asexual protein 2 
>PF3D7_0301000.1-p1  gene_product=acyl-CoA synthetase 
>PF3D7_0301200.1-p1  gene_product=serine/threonine protein kinase, FIKK family 
>PF3D7_0301300.1-p1  gene_product=epoxide hydrolase 1 
>PF3D7_0302100.1-p1  gene_product=serine/threonine protein kinase 
>PF3D7_0302500.1-p1  gene_product=cytoadherence linked asexual protein 3.1 
>PF3D7_0303300.1-p1  gene_product=DNA-directed RNA polymerases I, II, and III subunit RPABC2, putative 
>PF3D7_0303400.1-p1  gene_product=palmitoyltransferase DHHC1 
>PF3D7_0303700.1-p1  gene_product=lipoamide acyltransferase component of branched-chain alpha-keto acid dehydrogenase complex 
>PF3D7_0305600.1-p1  gene_product=DNA-(apurinic or apyrimidinic site) endonuclease 
>PF3D7_0305800.1-p1  gene_product=P-loop containing nucleoside triphosphate hydrolase, putative 
>PF3D7_0306200.1-p1  gene_product=activator of Hsp90 ATPase 
>PF3D7_0306400.1-p1  gene_product=FAD-dependent glycerol-3-phosphate dehydrogenase, putative 
>PF3D7_0306500.1-p1  gene_product=cytochrome c oxidase subunit 6c, putative 
>PF3D7_0307400.1-p1  gene_product=ATP-dependent Clp protease proteolytic subunit 
>PF3D7_0308000.1-p1  gene_product=DNA polymerase delta small subunit, putative 
>PF3D7_0309200.1-p1  gene_product=serine/threonine protein kinase ARK2, putative 
>PF3D7_0309500.1-p1  gene_product=asparagine synthetase [glutamine-hydrolyzing], putative 
>PF3D7_0310300.1-p1  gene_product=phosphoglycerate mutase, putative 
>PF3D7_0310500.1-p1  gene_product=ATP-dependent RNA helicase DHX57, putative 
>PF3D7_0311200.1-p1  gene_product=valine--tRNA ligase, putative 
>PF3D7_0311600.1-p1  gene_product=dolichyl-diphosphooligosaccharide--protein glycosyltransferase subunit OST1, putative 
>PF3D7_0311700.1-p1  gene_product=plasmepsin VI 
>PF3D7_0311800.1-p1  gene_product=ATP synthase F0 subunit d-like protein, putative 
>PF3D7_0312100.1-p1  gene_product=E3 ubiquitin-protein ligase 
>PF3D7_0312400.1-p1  gene_product=glycogen synthase kinase-3 beta 
>PF3D7_0313100.1-p1  gene_product=ubiquitin-protein ligase, putative 
>PF3D7_0314400.1-p1  gene_product=serine/threonine protein phosphatase 6, putative 
>PF3D7_0316300.2-p1  gene_product=inorganic pyrophosphatase, putative 
>PF3D7_0316900.1-p1  gene_product=E3 ubiquitin-protein ligase, putative 
>PF3D7_0318800.1-p1  gene_product=triosephosphate isomerase, putative 
>PF3D7_0319000.1-p1  gene_product=P4-type ATPase ATP7, putative 
>PF3D7_0319100.1-p1  gene_product=E3 ubiquitin-protein ligase RBX1, putative 
>PF3D7_0320000.1-p1  gene_product=protein phosphatase inhibitor 2 
>PF3D7_0320700.1-p1  gene_product=signal peptidase complex subunit 2 
>PF3D7_0320800.1-p1  gene_product=ATP-dependent RNA helicase DDX6 
>PF3D7_0321200.1-p1  gene_product=UDP-N-acetylglucosamine--dolichyl-phosphate N-acetylglucosaminephosphotransferase, putative 
>PF3D7_0322000.1-p1  gene_product=peptidyl-prolyl cis-trans isomerase 
>PF3D7_0322300.1-p1  gene_product=diacylglycerol O-acyltransferase 
>PF3D7_0401900.1-p1  gene_product=acyl-CoA synthetase 
>PF3D7_0404700.1-p1  gene_product=dipeptidyl aminopeptidase 3 
>PF3D7_0406100.1-p1  gene_product=V-type proton ATPase subunit B 
>PF3D7_0407100.1-p1  gene_product=methyltransferase, putative 
>PF3D7_0407200.1-p1  gene_product=peptidyl-tRNA hydrolase 2, putative 
>PF3D7_0408900.1-p1  gene_product=tRNA N6-adenosine threonylcarbamoyltransferase 
>PF3D7_0409300.1-p1  gene_product=methyltransferase, putative 
>PF3D7_0409500.1-p1  gene_product=3-ketodihydrosphingosine reductase, putative 
>PF3D7_0409700.1-p1  gene_product=peptide chain release factor 2 
>PF3D7_0410300.1-p1  gene_product=protein phosphatase PPM1, putative 
>PF3D7_0410700.1-p1  gene_product=ribosome biogenesis GTPase A, putative 
>PF3D7_0411400.1-p1  gene_product=DEAD box ATP-dependent RNA helicase, putative 
>PF3D7_0413500.1-p1  gene_product=phosphoglucomutase-2 
>PF3D7_0413600.1-p1  gene_product=26S protease regulatory subunit 6B, putative 
>PF3D7_0413700.1-p1  gene_product=lysine decarboxylase-like protein, putative 
>PF3D7_0413900.1-p1  gene_product=ubiquitin carboxyl-terminal hydrolase 13, putative 
>PF3D7_0415600.1-p1  gene_product=GTP:AMP phosphotransferase 
>PF3D7_0416100.1-p1  gene_product=glutamyl-tRNA(Gln) amidotransferase subunit A 
>PF3D7_0416500.1-p1  gene_product=repressor of RNA polymerase III transcription MAF1 
>PF3D7_0417200.1-p1  gene_product=bifunctional dihydrofolate reductase-thymidylate synthase 
>PF3D7_0419600.1-p1  gene_product=ran-specific GTPase-activating protein 1, putative 
>PF3D7_0419900.1-p1  gene_product=phosphatidylinositol 4-kinase, putative 
>PF3D7_0420200.1-p1  gene_product=holo-[acyl-carrier-protein] synthase, putative 
>PF3D7_0422000.1-p1  gene_product=steroid dehydrogenase, putative 
>PF3D7_0422900.1-p1  gene_product=methyltransferase, putative 
>PF3D7_0424500.1-p1  gene_product=serine/threonine protein kinase, FIKK family 
>PF3D7_0424700.1-p1  gene_product=serine/threonine protein kinase, FIKK family 
>PF3D7_0500900.1-p1  gene_product=serine/threonine protein kinase, FIKK family 
>PF3D7_0503100.1-p1  gene_product=4-diphosphocytidyl-2-C-methyl-D-erythritol kinase, putative 
>PF3D7_0504000.1-p1  gene_product=cation transporting P-ATPase 
>PF3D7_0504200.1-p1  gene_product=ATP-dependent RNA helicase DDX27, putative 
>PF3D7_0504400.1-p1  gene_product=ATP-dependent helicase, putative 
>PF3D7_0504600.1-p1  gene_product=2-oxoisovalerate dehydrogenase subunit beta, mitochondrial, putative 
>PF3D7_0506700.1-p1  gene_product=GTPase-activating protein, putative 
>PF3D7_0506900.1-p1  gene_product=rhomboid protease ROM4 
>PF3D7_0507200.1-p1  gene_product=subtilisin-like protease 3 
>PF3D7_0507500.1-p1  gene_product=subtilisin-like protease 1 
>PF3D7_0508200.1-p1  gene_product=ceramide synthase CERS1, putative 
>PF3D7_0509600.1-p1  gene_product=asparagine--tRNA ligase 
>PF3D7_0509800.1-p1  gene_product=phosphatidylinositol 4-kinase beta 
>PF3D7_0511200.1-p1  gene_product=stearoyl-CoA desaturase 
>PF3D7_0511800.1-p1  gene_product=inositol-3-phosphate synthase 
>PF3D7_0512300.1-p1  gene_product=CDK-activating kinase assembly factor MAT1 
>PF3D7_0513500.1-p1  gene_product=mitochondrial import inner membrane translocase subunit TIM16, putative 
>PF3D7_0514300.1-p1  gene_product=aspartate--tRNA ligase, putative 
>PF3D7_0514600.1-p1  gene_product=ribose-5-phosphate isomerase, putative 
>PF3D7_0515100.1-p1  gene_product=rhomboid protease ROM9 
>PF3D7_0515300.1-p1  gene_product=phosphatidylinositol 3-kinase 
>PF3D7_0515900.1-p1  gene_product=NLI interacting factor-like phosphatase, putative 
>PF3D7_0516100.1-p1  gene_product=cation-transporting ATPase 1 
>PF3D7_0516300.1-p1  gene_product=tRNA pseudouridine synthase, putative 
>PF3D7_0516700.1-p1  gene_product=ubiquitin carboxyl-terminal hydrolase 2, putative 
>PF3D7_0519200.1-p1  gene_product=V-type proton ATPase 16 kDa proteolipid subunit 
>PF3D7_0519300.1-p1  gene_product=protoheme IX farnesyltransferase 
>PF3D7_0520200.1-p1  gene_product=mediator of RNA polymerase II transcription subunit 17, putative 
>PF3D7_0520500.1-p1  gene_product=phosphomethylpyrimidine kinase, putative 
>PF3D7_0521500.1-p1  gene_product=ribosomal large subunit pseudouridylate synthase, putative 
>PF3D7_0521800.1-p1  gene_product=AFG1-like ATPase, putative 
>PF3D7_0522300.1-p1  gene_product=18S rRNA (guanine-N(7))-methyltransferase, putative 
>PF3D7_0523100.1-p1  gene_product=mitochondrial-processing peptidase subunit alpha, putative 
>PF3D7_0523300.1-p1  gene_product=cytochrome c oxidase subunit ApiCOX18, putative 
>PF3D7_0525100.1-p1  gene_product=acyl-CoA synthetase 
>PF3D7_0525600.1-p1  gene_product=RNA methyltransferase, putative 
>PF3D7_0527200.1-p1  gene_product=ubiquitin carboxyl-terminal hydrolase 14 
>PF3D7_0527300.1-p1  gene_product=methionine aminopeptidase 1a, putative 
>PF3D7_0528400.1-p1  gene_product=palmitoyltransferase DHHC7 
>PF3D7_0530750.1-p1  gene_product=dolichol-phosphate mannosyltransferase subunit 3, putative 
>PF3D7_0603300.1-p1  gene_product=dihydroorotate dehydrogenase 
>PF3D7_0603700.1-p1  gene_product=phenylalanine--tRNA ligase 
>PF3D7_0604700.1-p1  gene_product=glyoxalase I-like protein GILP 
>PF3D7_0605200.1-p1  gene_product=acylphosphatase, putative 
>PF3D7_0605300.1-p1  gene_product=serine/threonine protein kinase ARK1 
>PF3D7_0607300.1-p1  gene_product=uroporphyrinogen III decarboxylase 
>PF3D7_0607500.1-p1  gene_product=4-hydroxybenzoate polyprenyltransferase, putative 
>PF3D7_0608000.1-p1  gene_product=diphthine methyltransferase, putative 
>PF3D7_0609200.1-p1  gene_product=citrate synthase-like protein, putative 
>PF3D7_0609400.1-p1  gene_product=mitochondrial cardiolipin synthase, putative 
>PF3D7_0609800.1-p1  gene_product=palmitoyltransferase DHHC2, putative 
>PF3D7_0610500.1-p1  gene_product=peptidyl-tRNA hydrolase PTRHD1, putative 
>PF3D7_0611100.1-p1  gene_product=succinate dehydrogenase subunit 3, putative 
>PF3D7_0611300.1-p1  gene_product=ATP synthase-associated protein, putative 
>PF3D7_0615100.1-p1  gene_product=enoyl-acyl carrier reductase 
>PF3D7_0616000.1-p1  gene_product=pyridoxal kinase 
>PF3D7_0616800.1-p1  gene_product=malate:quinone oxidoreductase 
>PF3D7_0618500.1-p1  gene_product=malate dehydrogenase 
>PF3D7_0618600.1-p1  gene_product=rhomboid protease ROM10 
>PF3D7_0618900.1-p1  gene_product=phosphatidylinositol N-acetylglucosaminyltransferase subunit GPI1 
>PF3D7_0619500.1-p1  gene_product=acyl-CoA synthetase 
>PF3D7_0620100.1-p1  gene_product=ATP synthase-associated protein, putative 
>PF3D7_0622200.1-p1  gene_product=tRNA-2-methylthio-N(6)-dimethylallyladenosine synthase 
>PF3D7_0622800.1-p1  gene_product=leucine--tRNA ligase, putative 
>PF3D7_0623000.1-p1  gene_product=chorismate synthase 
>PF3D7_0623200.1-p1  gene_product=ferredoxin--NADP reductase 
>PF3D7_0623500.1-p1  gene_product=superoxide dismutase [Fe] 
>PF3D7_0623700.1-p1  gene_product=ATP-dependent RNA helicase SUV3, putative 
>PF3D7_0623900.1-p1  gene_product=ribonuclease H2 subunit A, putative 
>PF3D7_0624000.1-p1  gene_product=hexokinase 
>PF3D7_0624500.1-p1  gene_product=anaphase-promoting complex subunit 11, putative 
>PF3D7_0624700.1-p1  gene_product=N-acetylglucosaminyl-phosphatidylinositol de-N-acetylase, putative 
>PF3D7_0625000.1-p1  gene_product=sphingomyelin synthase 1, putative 
>PF3D7_0625000.2-p1  gene_product=sphingomyelin synthase 1, putative 
>PF3D7_0625100.1-p1  gene_product=sphingomyelin synthase 2, putative 
>PF3D7_0625300.1-p1  gene_product=mitochondrial DNA polymerase 
>PF3D7_0625600.1-p1  gene_product=poly(A) polymerase PAP, putative 
>PF3D7_0626100.1-p1  gene_product=oxidoreductase, short-chain dehydrogenase family, putative 
>PF3D7_0626300.1-p1  gene_product=3-oxoacyl-acyl-carrier protein synthase I/II 
>PF3D7_0626700.1-p1  gene_product=ATPase 
>PF3D7_0627300.1-p1  gene_product=E3 ubiquitin-protein ligase RNF5, putative 
>PF3D7_0627400.1-p1  gene_product=mitochondrial import inner membrane translocase subunit TIM22, putative 
>PF3D7_0627800.1-p1  gene_product=acetyl-CoA synthetase 
>PF3D7_0628000.1-p1  gene_product=6-pyruvoyltetrahydropterin synthase 
>PF3D7_0628200.1-p1  gene_product=eukaryotic translation initiation factor 2-alpha kinase 
>PF3D7_0628300.1-p1  gene_product=choline/ethanolaminephosphotransferase, putative 
>PF3D7_0628400.1-p1  gene_product=protease, putative 
>PF3D7_0628800.1-p1  gene_product=glutamyl-tRNA(Gln) amidotransferase subunit B 
>PF3D7_0629000.1-p1  gene_product=glucosamine 6-phosphate N-acetyltransferase 
>PF3D7_0629100.1-p1  gene_product=nicotinate phosphoribosyltransferase, putative 
>PF3D7_0629300.1-p1  gene_product=phospholipase, putative 
>PF3D7_0630100.1-p1  gene_product=alpha/beta hydrolase, putative 
>PF3D7_0630700.1-p1  gene_product=bifunctional methylenetetrahydrofolate dehydrogenase/cyclohydrolase, putative 
>PF3D7_0702600.1-p1  gene_product=chitinase, fragment 
>PF3D7_0704600.1-p1  gene_product=HECT-type E3 ubiquitin ligase UT 
>PF3D7_0704700.1-p1  gene_product=phosphopantetheine adenylyltransferase, putative 
>PF3D7_0704900.1-p1  gene_product=peptide chain release factor 2 
>PF3D7_0705600.1-p1  gene_product=RNA helicase, putative 
>PF3D7_0705900.1-p1  gene_product=ATP synthase subunit C, putative 
>PF3D7_0707400.1-p1  gene_product=AAA family ATPase, putative 
>PF3D7_0708100.1-p1  gene_product=DNA-directed RNA polymerases I, II, and III subunit RPABC5, putative 
>PF3D7_0708700.1-p1  gene_product=cytochrome c oxidase subunit 4, putative 
>PF3D7_0709300.1-p1  gene_product=mediator of RNA polymerase II transcription subunit 14, putative 
>PF3D7_0709700.1-p1  gene_product=prodrug activation and resistance esterase 
>PF3D7_0709900.1-p1  gene_product=hydrolase, putative 
>PF3D7_0711000.1-p1  gene_product=AAA family ATPase, CDC48 subfamily 
>PF3D7_0714300.1-p1  gene_product=palmitoyltransferase DHHC4, putative 
>PF3D7_0715000.1-p1  gene_product=4-nitrophenylphosphatase 
>PF3D7_0715500.1-p1  gene_product=ATP synthase subunit epsilon, mitochondrial, putative 
>PF3D7_0716600.1-p1  gene_product=cysteine desulfurase 
>PF3D7_0717700.1-p1  gene_product=serine--tRNA ligase, putative 
>PF3D7_0719100.1-p1  gene_product=ATP synthase F0 subunit a-like protein, putative 
>PF3D7_0719200.1-p1  gene_product=NIMA related kinase 4 
>PF3D7_0721900.1-p1  gene_product=V-type ATPase V0 subunit e, putative 
>PF3D7_0722300.1-p1  gene_product=ubiquitin carboxyl-terminal hydrolase, putative 
>PF3D7_0722400.1-p1  gene_product=Obg-like ATPase 1, putative 
>PF3D7_0723000.1-p1  gene_product=tRNAHis guanylyltransferase, putative 
>PF3D7_0723700.1-p1  gene_product=metallo-hydrolase/oxidoreductase, putative 
>PF3D7_0724000.1-p1  gene_product=Rab GTPase activator and protein kinase, putative 
>PF3D7_0724200.1-p1  gene_product=type 2A phosphatase-associated protein 42, putative 
>PF3D7_0724300.1-p1  gene_product=ubiquinone biosynthesis O-methyltransferase, putative 
>PF3D7_0724400.1-p1  gene_product=mitochondrial import inner membrane translocase subunit TIM14, putative 
>PF3D7_0726200.1-p1  gene_product=serine/threonine protein kinase, FIKK family 
>PF3D7_0726800.1-p1  gene_product=dolichyl-diphosphooligosaccharide--protein glycosyltransferase subunit OST2, putative 
>PF3D7_0726900.1-p1  gene_product=mitochondrial import inner membrane translocase subunit TIM50, putative 
>PF3D7_0727200.1-p1  gene_product=cysteine desulfurase IscS 
>PF3D7_0727800.1-p1  gene_product=cation transporting ATPase, putative 
>PF3D7_0728100.1-p1  gene_product=anaphase-promoting complex subunit 1, putative 
>PF3D7_0730100.1-p1  gene_product=tRNA pseudouridine synthase D, putative 
>PF3D7_0731600.1-p1  gene_product=acyl-CoA synthetase 
>PF3D7_0731800.1-p1  gene_product=alpha/beta hydrolase, putative 
>PF3D7_0801900.1-p1  gene_product=lysine-specific histone demethylase, putative 
>PF3D7_0802000.1-p1  gene_product=glutamate dehydrogenase, putative 
>PF3D7_0802500.1-p1  gene_product=inositol 5-phosphatase, putative 
>PF3D7_0802600.1-p1  gene_product=adenylyl cyclase beta 
>PF3D7_0803300.1-p1  gene_product=mitogen-activated protein kinase organizer 1, putative 
>PF3D7_0803500.1-p1  gene_product=AAA family ATPase, putative 
>PF3D7_0804400.1-p1  gene_product=methionine aminopeptidase 1c, putative 
>PF3D7_0804900.1-p1  gene_product=GTPase-activating protein, putative 
>PF3D7_0805600.1-p1  gene_product=phosphatidic acid phosphatase 2 
>PF3D7_0806200.1-p1  gene_product=Dpy-19-like C-mannosyltransferase 
>PF3D7_0806400.1-p1  gene_product=UDP-N-acetylglucosamine transferase subunit ALG13, putative 
>PF3D7_0806800.1-p1  gene_product=V-type proton ATPase subunit a, putative 
>PF3D7_0807700.1-p1  gene_product=serine protease DegP 
>PF3D7_0808200.1-p1  gene_product=plasmepsin X 
>PF3D7_0809500.1-p1  gene_product=histone acetyltransferase subunit NuA4, putative 
>PF3D7_0809600.1-p1  gene_product=peptidase family C50, putative 
>PF3D7_0810300.1-p1  gene_product=protein phosphatase PPM5, putative 
>PF3D7_0810500.1-p1  gene_product=protein phosphatase PPM7, putative 
>PF3D7_0810600.1-p1  gene_product=ATP-dependent RNA helicase DBP1, putative 
>PF3D7_0810800.1-p1  gene_product=hydroxymethyldihydropterin pyrophosphokinase-dihydropteroate synthase 
>PF3D7_0812200.1-p1  gene_product=trypsin-like serine protease, putative 
>PF3D7_0813800.1-p1  gene_product=GDP-mannose 4,6-dehydratase 
>PF3D7_0815300.1-p1  gene_product=FAD-dependent monooxygenase, putative 
>PF3D7_0815400.1-p1  gene_product=ATP synthase-associated protein, putative 
>PF3D7_0815900.1-p1  gene_product=dihydrolipoyl dehydrogenase, apicoplast 
>PF3D7_0816100.1-p1  gene_product=phosphopantothenoylcysteine decarboxylase, putative 
>PF3D7_0816900.1-p1  gene_product=adenylate kinase 2 
>PF3D7_0817100.1-p1  gene_product=tRNA modification GTPase, putative 
>PF3D7_0817400.1-p1  gene_product=phosphatase, putative 
>PF3D7_0820200.1-p1  gene_product=phosphatidylglycerophosphate synthase 
>PF3D7_0820700.1-p1  gene_product=2-oxoglutarate dehydrogenase E1 component 
>PF3D7_0821100.1-p1  gene_product=protein kinase 1 
>PF3D7_0823000.1-p1  gene_product=serine/threonine protein kinase VPS15, putative 
>PF3D7_0823600.1-p1  gene_product=lipoate-protein ligase B 
>PF3D7_0824100.1-p1  gene_product=3'-5' exonuclease, putative 
>PF3D7_0824700.1-p1  gene_product=lipase maturation factor, putative 
>PF3D7_0825400.1-p1  gene_product=ATP synthase-associated protein, putative 
>PF3D7_0825600.1-p1  gene_product=cytochrome c oxidase assembly factor 5, putative 
>PF3D7_0826100.1-p1  gene_product=HECT-like E3 ubiquitin ligase, putative 
>PF3D7_0826200.1-p1  gene_product=alpha/beta hydrolase, putative 
>PF3D7_0826400.1-p1  gene_product=cis-prenyltransferase 
>PF3D7_0826700.1-p1  gene_product=receptor for activated c kinase 
>PF3D7_0827900.1-p1  gene_product=protein disulfide-isomerase 
>PF3D7_0828000.1-p1  gene_product=rhomboid protease ROM3 
>PF3D7_0828200.1-p1  gene_product=leucine--tRNA ligase, putative 
>PF3D7_0831600.1-p1  gene_product=cytoadherence linked asexual protein 8 
>PF3D7_0902000.1-p1  gene_product=serine/threonine protein kinase, FIKK family 
>PF3D7_0902100.1-p1  gene_product=serine/threonine protein kinase, FIKK family 
>PF3D7_0902200.1-p1  gene_product=serine/threonine protein kinase, FIKK family 
>PF3D7_0902300.1-p1  gene_product=serine/threonine protein kinase, FIKK family 
>PF3D7_0902400.1-p1  gene_product=serine/threonine protein kinase, FIKK family 
>PF3D7_0902500.1-p1  gene_product=serine/threonine protein kinase, FIKK family 
>PF3D7_0902600.1-p1  gene_product=serine/threonine protein kinase, FIKK family 
>PF3D7_0903400.1-p1  gene_product=ATP-dependent RNA helicase DDX60, putative 
>PF3D7_0904400.1-p1  gene_product=signal peptidase complex subunit 3, putative 
>PF3D7_0904900.1-p1  gene_product=copper-transporting ATPase 
>PF3D7_0905000.1-p1  gene_product=ATP synthase-associated protein, putative 
>PF3D7_0906000.1-p1  gene_product=exoribonuclease II 
>PF3D7_0907200.1-p1  gene_product=GTPase-activating protein, putative 
>PF3D7_0907400.1-p1  gene_product=ATP-dependent protease ATPase subunit ClpY 
>PF3D7_0907900.1-p1  gene_product=peptide deformylase 
>PF3D7_0908700.1-p1  gene_product=tRNA pseudouridine synthase, putative 
>PF3D7_0909200.1-p1  gene_product=GDP-fucose protein O-fucosyltransferase 2 
>PF3D7_0910400.1-p1  gene_product=selenide water dikinase, putative 
>PF3D7_0911000.1-p1  gene_product=phosphatidylinositol N-acetylglucosaminyltransferase, putative 
>PF3D7_0912400.1-p1  gene_product=alkaline phosphatase, putative 
>PF3D7_0913900.1-p1  gene_product=arginine--tRNA ligase, putative 
>PF3D7_0914000.1-p1  gene_product=pseudouridylate synthase, putative 
>PF3D7_0914200.1-p1  gene_product=phospholipid or glycerol acyltransferase, putative 
>PF3D7_0915000.1-p1  gene_product=type II NADH:ubiquinone oxidoreductase 
>PF3D7_0915700.1-p1  gene_product=cytochrome c oxidase subunit ApiCOX30, putative 
>PF3D7_0916200.1-p1  gene_product=mitochondrial ribonuclease P catalytic subunit, putative 
>PF3D7_0916600.1-p1  gene_product=methyltransferase, putative 
>PF3D7_0917700.1-p1  gene_product=GPN-loop GTPase, putative 
>PF3D7_0918600.1-p1  gene_product=ATP-dependent DNA helicase Q1 
>PF3D7_0918800.1-p1  gene_product=dihydrouridine synthase, putative 
>PF3D7_0919400.1-p1  gene_product=protein disulfide-isomerase PDI-Trans 
>PF3D7_0919600.1-p1  gene_product=dolichyl-diphosphooligosaccharide--protein glycosyltransferase subunit WBP1, putative 
>PF3D7_0920800.1-p1  gene_product=inosine-5'-monophosphate dehydrogenase 
>PF3D7_0922200.1-p1  gene_product=S-adenosylmethionine synthetase 
>PF3D7_0922400.1-p1  gene_product=para-aminobenzoic acid synthetase 
>PF3D7_0922600.1-p1  gene_product=glutamine synthetase, putative 
>PF3D7_0922900.1-p1  gene_product=3-oxoacyl-[acyl-carrier-protein] reductase 
>PF3D7_0923200.1-p1  gene_product=nitric oxide synthase, putative 
>PF3D7_0923600.1-p1  gene_product=lipoate-protein ligase 2 
>PF3D7_0923800.1-p1  gene_product=thioredoxin reductase 
>PF3D7_0924000.1-p1  gene_product=patatin-like phospholipase, putative 
>PF3D7_0924300.1-p1  gene_product=thiamine pyrophosphokinase 
>PF3D7_0924900.1-p1  gene_product=alpha-tubulin N-acetyltransferase, putative 
>PF3D7_0925300.1-p1  gene_product=proline--tRNA ligase, putative 
>PF3D7_0925400.1-p1  gene_product=protein phosphatase-beta 
>PF3D7_0925700.1-p1  gene_product=histone deacetylase 1 
>PF3D7_0926000.1-p1  gene_product=protein kinase, putative 
>PF3D7_0926700.1-p1  gene_product=glutamine-dependent NAD(+) synthetase, putative 
>PF3D7_0927300.1-p1  gene_product=fumarate hydratase 
>PF3D7_0927700.1-p1  gene_product=serine/threonine protein phosphatase 4, putative 
>PF3D7_0927800.1-p1  gene_product=cytochrome c oxidase subunit 5B, putative 
>PF3D7_0927900.1-p1  gene_product=phosphatidylserine decarboxylase 
>PF3D7_0928000.1-p1  gene_product=cytochrome c oxidase subunit 6B, putative 
>PF3D7_0928900.1-p1  gene_product=guanylate kinase 
>PF3D7_0930000.1-p1  gene_product=procollagen lysine 5-dioxygenase, putative 
>PF3D7_0930500.1-p1  gene_product=diacylglycerol kinase, putative 
>PF3D7_0931900.1-p1  gene_product=adenylate kinase-like protein 2 
>PF3D7_0932400.1-p1  gene_product=peptide chain release factor 1 
>PF3D7_0932500.1-p1  gene_product=palmitoyltransferase DHHC6, putative 
>PF3D7_0933600.1-p1  gene_product=mitochondrial-processing peptidase subunit beta, putative 
>PF3D7_0934000.1-p1  gene_product=histidine--tRNA ligase, putative 
>PF3D7_0934300.1-p1  gene_product=ATP synthase-associated protein, putative 
>PF3D7_0934500.1-p1  gene_product=V-type proton ATPase subunit E, putative 
>PF3D7_0935300.1-p1  gene_product=phosphatidylinositol N-acetylglucosaminyltransferase subunit P, putative 
>PF3D7_0935800.1-p1  gene_product=cytoadherence linked asexual protein 9 
>PF3D7_1001400.1-p1  gene_product=exported lipase 1 
>PF3D7_1001600.1-p1  gene_product=exported lipase 2 
>PF3D7_1003000.1-p1  gene_product=guanylate cyclase organizer UGO, putative 
>PF3D7_1005000.1-p1  gene_product=methionine--tRNA ligase, putative 
>PF3D7_1005700.1-p1  gene_product=peptidase, putative 
>PF3D7_1008200.1-p1  gene_product=flap endonuclease, putative 
>PF3D7_1008900.1-p1  gene_product=adenylate kinase 
>PF3D7_1009000.1-p1  gene_product=diphthine methyl ester synthase, putative 
>PF3D7_1009200.1-p1  gene_product=ribonuclease, putative 
>PF3D7_1009600.1-p1  gene_product=protein phosphatase PPM10, putative 
>PF3D7_1010300.1-p1  gene_product=succinate dehydrogenase subunit 4, putative 
>PF3D7_1010700.1-p1  gene_product=dolichyl-phosphate-mannose--protein mannosyltransferase, putative 
>PF3D7_1011900.1-p1  gene_product=heme oxygenase 
>PF3D7_1012400.1-p1  gene_product=hypoxanthine-guanine phosphoribosyltransferase 
>PF3D7_1012500.1-p1  gene_product=phosphoglucomutase, putative 
>PF3D7_1012600.1-p1  gene_product=GMP synthase [glutamine-hydrolyzing] 
>PF3D7_1013500.1-p1  gene_product=phosphoinositide-specific phospholipase C 
>PF3D7_1014000.1-p1  gene_product=GDP-L-fucose synthase 
>PF3D7_1014400.1-p1  gene_product=MO15-related protein kinase 
>PF3D7_1015200.1-p1  gene_product=cysteine--tRNA ligase 
>PF3D7_1015500.1-p1  gene_product=nucleotidyltransferase, putative 
>PF3D7_1016200.1-p1  gene_product=Rab3 GTPase-activating protein non-catalytic subunit, putative 
>PF3D7_1016400.1-p1  gene_product=serine/threonine protein kinase, FIKK family 
>PF3D7_1017000.1-p1  gene_product=DNA polymerase delta catalytic subunit 
>PF3D7_1017200.1-p1  gene_product=enoyl-CoA hydratase-related protein, putative 
>PF3D7_1017400.1-p1  gene_product=phosphomannomutase 
>PF3D7_1018000.1-p1  gene_product=tRNA pseudouridine synthase, putative 
>PF3D7_1018300.1-p1  gene_product=peptidase, putative 
>PF3D7_1019800.1-p1  gene_product=tRNA methyltransferase, putative 
>PF3D7_1020800.1-p1  gene_product=dihydrolipoamide acyltransferase component E2 
>PF3D7_1022500.1-p1  gene_product=citrate synthase, mitochondrial, putative 
>PF3D7_1022700.1-p1  gene_product=phospholipid scramblase 
>PF3D7_1022800.1-p1  gene_product=4-hydroxy-3-methylbut-2-en-1-yl diphosphate synthase (ferredoxin) 
>PF3D7_1022900.1-p1  gene_product=cytochrome c oxidase subunit ApiCOX13, putative 
>PF3D7_1023200.1-p1  gene_product=orotidine 5'-phosphate decarboxylase 
>PF3D7_1025100.1-p1  gene_product=glutamine--fructose-6-phosphate aminotransferase [isomerizing], putative 
>PF3D7_1025200.1-p1  gene_product=ATP synthase mitochondrial F1 complex assembly factor 2, putative 
>PF3D7_1025600.1-p1  gene_product=cytochrome c oxidase copper chaperone, putative 
>PF3D7_1026900.1-p1  gene_product=biotin--protein ligase 1 
>PF3D7_1027900.1-p1  gene_product=palmitoyltransferase DHHC10, putative 
>PF3D7_1028000.1-p1  gene_product=methyltransferase, putative 
>PF3D7_1028100.1-p1  gene_product=protoporphyrinogen oxidase 
>PF3D7_1029600.1-p1  gene_product=adenosine deaminase 
>PF3D7_1031700.1-p1  gene_product=protein phosphatase inhibitor 3 
>PF3D7_1032400.1-p1  gene_product=phosphatidylinositol N-acetylglucosaminyltransferase subunit A, putative 
>PF3D7_1032900.1-p1  gene_product=RNA polymerase II-associated protein 1, putative 
>PF3D7_1033800.1-p1  gene_product=plasmepsin VII 
>PF3D7_1034400.1-p1  gene_product=flavoprotein subunit of succinate dehydrogenase 
>PF3D7_1037000.1-p1  gene_product=DNA polymerase zeta catalytic subunit, putative 
>PF3D7_1037100.1-p1  gene_product=pyruvate kinase 2 
>PF3D7_1039000.1-p1  gene_product=serine/threonine protein kinase, FIKK family 
>PF3D7_1103700.1-p1  gene_product=casein kinase II beta chain 
>PF3D7_1104000.1-p1  gene_product=phenylalanine--tRNA ligase beta subunit 
>PF3D7_1104700.1-p1  gene_product=DNA-directed RNA polymerase III subunit RPC8, putative 
>PF3D7_1105700.1-p1  gene_product=tRNA-splicing ligase RtcB, putative 
>PF3D7_1106000.1-p1  gene_product=RuvB-like helicase 2 
>PF3D7_1106300.1-p1  gene_product=5'-3' exoribonuclease 1, putative 
>PF3D7_1106600.1-p1  gene_product=DEAD/DEAH box helicase, putative 
>PF3D7_1106800.1-p1  gene_product=pseudo-tyrosine kinase-like protein 
>PF3D7_1108200.1-p1  gene_product=D-tyrosyl-tRNA(Tyr) deacylase 
>PF3D7_1108300.1-p1  gene_product=pterin-4a-carbinolamine dehydratase 
>PF3D7_1108400.1-p1  gene_product=casein kinase 2, alpha subunit 
>PF3D7_1108500.1-p1  gene_product=succinate--CoA ligase [ADP-forming] subunit alpha, putative 
>PF3D7_1111500.1-p1  gene_product=acylphosphatase, putative 
>PF3D7_1111600.1-p1  gene_product=endonuclease/exonuclease/phosphatase family protein, putative 
>PF3D7_1111800.1-p1  gene_product=peptidyl-prolyl cis-trans isomerase, putative 
>PF3D7_1113900.1-p1  gene_product=mitogen-activated protein kinase 2 
>PF3D7_1114100.1-p1  gene_product=rhomboid protease ROM1 
>PF3D7_1114800.1-p1  gene_product=glycerol-3-phosphate dehydrogenase, putative 
>PF3D7_1115200.1-p1  gene_product=histone-lysine N-methyltransferase SET7 
>PF3D7_1115400.1-p1  gene_product=cysteine proteinase falcipain 3 
>PF3D7_1115600.1-p1  gene_product=peptidyl-prolyl cis-trans isomerase 
>PF3D7_1115700.1-p1  gene_product=cysteine proteinase falcipain 2a 
>PF3D7_1115900.1-p1  gene_product=palmitoyltransferase DHHC9 
>PF3D7_1116600.1-p1  gene_product=dolichyl-diphosphooligosaccharide--protein glycosyltransferase subunit STT3, putative 
>PF3D7_1116700.1-p1  gene_product=dipeptidyl aminopeptidase 1 
>PF3D7_1117100.1-p1  gene_product=ubiquitin carboxyl-terminal hydrolase UCH54 
>PF3D7_1117500.1-p1  gene_product=tyrosine--tRNA ligase 
>PF3D7_1117600.1-p1  gene_product=peptidyl-tRNA hydrolase ICT1 
>PF3D7_1117600.2-p1  gene_product=peptidyl-tRNA hydrolase ICT1 
>PF3D7_1118400.1-p1  gene_product=haloacid dehalogenase-like hydrolase, putative 
>PF3D7_1118600.1-p1  gene_product=histone acetyltransferase MYST 
>PF3D7_1119600.1-p1  gene_product=ATP-dependent zinc metalloprotease FTSH, putative 
>PF3D7_1120400.1-p1  gene_product=alpha/beta hydrolase fold domain containing protein, putative 
>PF3D7_1120500.1-p1  gene_product=tRNA nucleotidyltransferase, putative 
>PF3D7_1121000.1-p1  gene_product=palmitoyltransferase DHHC3 
>PF3D7_1121800.1-p1  gene_product=peptidase M16, putative 
>PF3D7_1122100.1-p1  gene_product=GPI transamidase component GPI16, putative 
>PF3D7_1124500.1-p1  gene_product=pyruvate dehydrogenase E1 component subunit alpha 
>PF3D7_1125100.1-p1  gene_product=ATP synthase F0 subunit b-like protein, putative 
>PF3D7_1125300.1-p1  gene_product=DNA-directed RNA polymerase 
>PF3D7_1125400.1-p1  gene_product=mitochondrial import inner membrane translocase subunit TIM44, putative 
>PF3D7_1126000.1-p1  gene_product=threonine--tRNA ligase 
>PF3D7_1126400.1-p1  gene_product=mediator of RNA polymerase II transcription subunit 21, putative 
>PF3D7_1126600.1-p1  gene_product=steryl ester hydrolase, putative 
>PF3D7_1127000.1-p1  gene_product=protein phosphatase, putative 
>PF3D7_1127500.1-p1  gene_product=protein disulfide-isomerase, putative 
>PF3D7_1128700.1-p1  gene_product=GPI-anchor transamidase, putative 
>PF3D7_1129000.1-p1  gene_product=spermidine synthase 
>PF3D7_1129600.1-p1  gene_product=phosphatidylinositol-4-phosphate 5-kinase, putative 
>PF3D7_1130000.1-p1  gene_product=phosphoacetylglucosamine mutase, putative 
>PF3D7_1133800.1-p1  gene_product=RNA (uracil-5-)methyltransferase, putative 
>PF3D7_1134100.1-p1  gene_product=protein disulfide-isomerase, putative 
>PF3D7_1134500.1-p1  gene_product=alpha/beta hydrolase, putative 
>PF3D7_1135100.1-p1  gene_product=protein phosphatase PPM8, putative 
>PF3D7_1135900.1-p1  gene_product=3-oxo-5-alpha-steroid 4-dehydrogenase, putative 
>PF3D7_1136500.2-p1  gene_product=casein kinase 1 
>PF3D7_1136900.1-p1  gene_product=subtilisin-like protease 2 
>PF3D7_1138400.1-p1  gene_product=guanylyl cyclase alpha 
>PF3D7_1138500.1-p1  gene_product=protein phosphatase PPM2 
>PF3D7_1139700.1-p1  gene_product=adrenodoxin reductase, putative 
>PF3D7_1140000.1-p1  gene_product=carbonic anhydrase 
>PF3D7_1140100.1-p1  gene_product=V-type proton ATPase subunit F, putative 
>PF3D7_1141200.1-p1  gene_product=ATP synthase-associated protein, putative 
>PF3D7_1141400.1-p1  gene_product=phosphatidylinositol N-acetylglucosaminyltransferase subunit H, putative 
>PF3D7_1141600.1-p1  gene_product=dolichol-phosphate mannosyltransferase 
>PF3D7_1142400.1-p1  gene_product=coproporphyrinogen-III oxidase 
>PF3D7_1142800.1-p1  gene_product=ATP synthase-associated protein, putative 
>PF3D7_1143000.1-p1  gene_product=alpha/beta hydrolase, putative 
>PF3D7_1143300.1-p1  gene_product=DNA-directed RNA polymerases I and III subunit RPAC1, putative 
>PF3D7_1145200.1-p1  gene_product=serine/threonine protein kinase, putative 
>PF3D7_1147500.1-p1  gene_product=protein farnesyltransferase subunit beta 
>PF3D7_1147700.1-p1  gene_product=ATP synthase subunit delta, mitochondrial, putative 
>PF3D7_1149300.1-p1  gene_product=serine/threonine protein kinase, FIKK family 
>PF3D7_1200700.1-p1  gene_product=acyl-CoA synthetase 
>PF3D7_1200800.1-p1  gene_product=serine/threonine protein kinase, FIKK family 
>PF3D7_1201600.1-p1  gene_product=NIMA related kinase 3 
>PF3D7_1201800.1-p1  gene_product=cytochrome c oxidase assembly protein COX19, putative 
>PF3D7_1202000.1-p1  gene_product=ATP-dependent DNA/RNA helicase PSH2 
>PF3D7_1202400.1-p1  gene_product=peptidyl-prolyl cis-trans isomerase 
>PF3D7_1203600.1-p1  gene_product=cytochrome c1 heme lyase, putative 
>PF3D7_1205700.1-p1  gene_product=targeted glyoxalase II 
>PF3D7_1206000.1-p1  gene_product=shewanella-like protein phosphatase 2 
>PF3D7_1206400.1-p1  gene_product=thiosulfate sulfurtransferase, putative 
>PF3D7_1207600.1-p1  gene_product=tRNA dimethylallyltransferase, putative 
>PF3D7_1208600.1-p1  gene_product=mitochondrial import inner membrane translocase subunit TIM10, putative 
>PF3D7_1208900.1-p1  gene_product=protein phosphatase PPM11, putative 
>PF3D7_1209500.1-p1  gene_product=cGMP-specific 3',5'-cyclic phosphodiesterase alpha 
>PF3D7_1209500.2-p1  gene_product=cGMP-specific 3',5'-cyclic phosphodiesterase alpha 
>PF3D7_1209600.1-p1  gene_product=porphobilinogen deaminase 
>PF3D7_1209800.1-p1  gene_product=ATP synthase mitochondrial F1 complex assembly factor 1, putative 
>PF3D7_1210900.1-p1  gene_product=GPI mannosyltransferase 1 
>PF3D7_1211900.1-p1  gene_product=non-SERCA-type Ca2+ -transporting P-ATPase 
>PF3D7_1212000.1-p1  gene_product=glutathione peroxidase-like thioredoxin peroxidase 
>PF3D7_1212500.1-p1  gene_product=glycerol-3-phosphate 1-O-acyltransferase 
>PF3D7_1212800.1-p1  gene_product=succinate dehydrogenase [ubiquinone] iron-sulfur subunit, mitochondrial 
>PF3D7_1213200.1-p1  gene_product=mediator of RNA polymerase II transcription subunit 18, putative 
>PF3D7_1213700.1-p1  gene_product=DNA-directed RNA polymerases I, II, and III subunit RPABC3, putative 
>PF3D7_1214100.1-p1  gene_product=GPI ethanolamine phosphate transferase 3, putative 
>PF3D7_1214200.1-p1  gene_product=histone-lysine N-methyltransferase SET5 
>PF3D7_1215000.1-p1  gene_product=thioredoxin peroxidase 2 
>PF3D7_1215200.1-p1  gene_product=peptidyl-prolyl cis-trans isomerase 
>PF3D7_1216000.1-p1  gene_product=serine--tRNA ligase, putative 
>PF3D7_1216200.1-p1  gene_product=glycerol-3-phosphate dehydrogenase [NAD(+)], putative 
>PF3D7_1217100.1-p1  gene_product=DNA topoisomerase 6 subunit A 
>PF3D7_1217600.1-p1  gene_product=anaphase-promoting complex subunit 10, putative 
>PF3D7_1219600.1-p1  gene_product=phospholipid-transporting ATPase 2 
>PF3D7_1219900.1-p1  gene_product=ribulose-phosphate 3-epimerase, putative 
>PF3D7_1222000.1-p1  gene_product=tRNA-splicing ligase RtcB, putative 
>PF3D7_1222500.1-p1  gene_product=diphthine--ammonia ligase, putative 
>PF3D7_1223100.1-p1  gene_product=cAMP-dependent protein kinase regulatory subunit 
>PF3D7_1223300.1-p1  gene_product=DNA gyrase subunit A 
>PF3D7_1223400.1-p1  gene_product=phospholipid-transporting ATPase, putative 
>PF3D7_1224600.1-p1  gene_product=cytochrome c heme lyase, putative 
>PF3D7_1225100.1-p1  gene_product=isoleucine--tRNA ligase, putative 
>PF3D7_1226100.1-p1  gene_product=haloacid dehalogenase-like hydrolase, putative 
>PF3D7_1227100.1-p1  gene_product=DNA helicase 60 
>PF3D7_1227900.1-p1  gene_product=RNA pseudouridylate synthase, putative 
>PF3D7_1228500.1-p1  gene_product=RNA pseudouridylate synthase, putative 
>PF3D7_1230400.1-p1  gene_product=ATP-dependent protease subunit ClpQ 
>PF3D7_1230600.1-p1  gene_product=RNA cytosine C(5)-methyltransferase, putative 
>PF3D7_1232000.1-p1  gene_product=phenylalanine--tRNA ligase 
>PF3D7_1232200.1-p1  gene_product=dihydrolipoyl dehydrogenase, mitochondrial 
>PF3D7_1232900.1-p1  gene_product=nucleotidyltransferase, putative 
>PF3D7_1233050.1-p1  gene_product=dolichyl-diphosphooligosaccharide--protein glycosyltransferase subunit OST4, putative 
>PF3D7_1233700.1-p1  gene_product=homocysteine S-methyltransferase, putative 
>PF3D7_1234300.1-p1  gene_product=DNA polymerase epsilon subunit B, putative 
>PF3D7_1235200.1-p1  gene_product=V-type K+-independent H+-translocating inorganic pyrophosphatase 
>PF3D7_1235400.1-p1  gene_product=tetQ family GTPase, putative 
>PF3D7_1235600.1-p1  gene_product=serine hydroxymethyltransferase 
>PF3D7_1235700.1-p1  gene_product=ATP synthase subunit beta, mitochondrial 
>PF3D7_1236700.1-p1  gene_product=S-adenosyl-methyltransferase, putative 
>PF3D7_1236800.1-p1  gene_product=protein-S-isoprenylcysteine O-methyltransferase 
>PF3D7_1237400.1-p1  gene_product=hydrolase, putative 
>PF3D7_1239500.1-p1  gene_product=DNA gyrase subunit B 
>PF3D7_1239600.1-p1  gene_product=hydroxyethylthiazole kinase 
>PF3D7_1239700.1-p1  gene_product=ATP-dependent zinc metalloprotease FTSH 1 
>PF3D7_1240000.1-p1  gene_product=3-hydroxyisobutyryl-CoA hydrolase, putative 
>PF3D7_1242000.1-p1  gene_product=sulfhydryl oxidase, putative 
>PF3D7_1242200.1-p1  gene_product=queuine tRNA-ribosyltransferase, putative 
>PF3D7_1242600.1-p1  gene_product=protein farnesyltransferase subunit alpha 
>PF3D7_1242900.1-p1  gene_product=mitochondrial import inner membrane translocase subunit TIM13, putative 
>PF3D7_1243200.1-p1  gene_product=dolichyl-diphosphooligosaccharide--protein glycosyltransferase subunit OST5, putative 
>PF3D7_1244600.1-p1  gene_product=ADP-ribosylation factor GTPase-activating protein 1 
>PF3D7_1245000.1-p1  gene_product=5-formyltetrahydrofolate cyclo-ligase, putative 
>PF3D7_1246100.1-p1  gene_product=delta-aminolevulinic acid synthetase 
>PF3D7_1246500.1-p1  gene_product=methyltransferase, putative 
>PF3D7_1247300.1-p1  gene_product=GPI mannosyltransferase 2, putative 
>PF3D7_1247600.1-p1  gene_product=uroporphyrinogen-III synthase, putative 
>PF3D7_1247800.1-p1  gene_product=dipeptidyl aminopeptidase 2 
>PF3D7_1248100.1-p1  gene_product=methyltransferase, putative 
>PF3D7_1248900.1-p1  gene_product=26S protease regulatory subunit 8, putative 
>PF3D7_1249900.1-p1  gene_product=ribosomal RNA small subunit methyltransferase A2, putative 
>PF3D7_1251300.1-p1  gene_product=thymidylate kinase 
>PF3D7_1251700.1-p1  gene_product=tryptophan--tRNA ligase 
>PF3D7_1252200.1-p1  gene_product=chitinase 
>PF3D7_1253400.1-p1  gene_product=acyl-CoA synthetase 
>PF3D7_1302600.1-p1  gene_product=deoxyhypusine hydroxylase 
>PF3D7_1303000.1-p1  gene_product=ATP synthase-associated protein, putative 
>PF3D7_1303100.1-p1  gene_product=methyltransferase, putative 
>PF3D7_1304100.1-p1  gene_product=DNA ligase I 
>PF3D7_1305500.1-p1  gene_product=mitogen-activated protein kinase phosphatase 1, putative 
>PF3D7_1305600.1-p1  gene_product=site-2 protease S2P, putative 
>PF3D7_1306300.1-p1  gene_product=SAM dependent methyltransferase, putative 
>PF3D7_1306600.1-p1  gene_product=V-type proton ATPase subunit H, putative 
>PF3D7_1307300.1-p1  gene_product=ATP-dependent RNA helicase DBP6, putative 
>PF3D7_1307600.1-p1  gene_product=DNA-directed RNA polymerase subunit alpha, putative 
>PF3D7_1308800.1-p1  gene_product=tyrosine recombinase 
>PF3D7_1309200.1-p1  gene_product=protein phosphatase PPM6, putative 
>PF3D7_1309600.1-p1  gene_product=ribosomal RNA methyltransferase, putative 
>PF3D7_1309900.1-p1  gene_product=succinate dehydrogenase assembly factor 2, putative 
>PF3D7_1310000.1-p1  gene_product=ATP synthase subunit O, mitochondrial, putative 
>PF3D7_1311300.1-p1  gene_product=ATP synthase subunit gamma, mitochondrial 
>PF3D7_1311500.1-p1  gene_product=26S protease regulatory subunit 7, putative 
>PF3D7_1311800.1-p1  gene_product=M1-family alanyl aminopeptidase 
>PF3D7_1311900.1-p1  gene_product=V-type proton ATPase catalytic subunit A 
>PF3D7_1312000.1-p1  gene_product=malonyl CoA-acyl carrier protein transacylase 
>PF3D7_1312600.1-p1  gene_product=2-oxoisovalerate dehydrogenase subunit alpha, mitochondrial, putative 
>PF3D7_1313200.1-p1  gene_product=methionyl-tRNA formyltransferase, putative 
>PF3D7_1313300.1-p1  gene_product=peptidyl-prolyl cis-trans isomerase, putative 
>PF3D7_1313400.1-p1  gene_product=DEAD box helicase, putative 
>PF3D7_1314600.1-p1  gene_product=lipoate-protein ligase 1 
>PF3D7_1315600.1-p1  gene_product=CDP-diacylglycerol--inositol 3-phosphatidyltransferase 
>PF3D7_1315700.1-p1  gene_product=tRNA (adenine(58)-N(1))-methyltransferase catalytic subunit TRM61, putative 
>PF3D7_1316000.1-p1  gene_product=glycogen synthase kinase-3 alpha, putative 
>PF3D7_1318200.1-p1  gene_product=glycerol-3-phosphate 1-O-acyltransferase 
>PF3D7_1319100.1-p1  gene_product=ubiquitin carboxyl-terminal hydrolase MINDY, putative 
>PF3D7_1320100.1-p1  gene_product=ATP-dependent Clp protease adapter protein ClpS 
>PF3D7_1320400.1-p1  gene_product=type I signal peptidase 
>PF3D7_1320800.1-p1  gene_product=dihydrolipoyllysine-residue succinyltransferase component of 2-oxoglutarate dehydrogenase complex 
>PF3D7_1321100.1-p1  gene_product=protein kinase domain-containing protein, putative 
>PF3D7_1321400.1-p1  gene_product=palmitoyltransferase DHHC8, putative 
>PF3D7_1321500.1-p1  gene_product=3',5'-cyclic nucleotide phosphodiesterase beta 
>PF3D7_1321600.1-p1  gene_product=cGMP-specific 3',5'-cyclic phosphodiesterase gamma, putative 
>PF3D7_1322000.1-p1  gene_product=nucleoside-diphosphatase, putative 
>PF3D7_1322500.1-p1  gene_product=palmitoyltransferase DHHC5 
>PF3D7_1323000.1-p1  gene_product=beta-hydroxyacyl-ACP dehydratase 
>PF3D7_1323500.1-p1  gene_product=plasmepsin V 
>PF3D7_1324900.1-p1  gene_product=L-lactate dehydrogenase 
>PF3D7_1325100.1-p1  gene_product=phosphoribosylpyrophosphate synthetase 
>PF3D7_1327800.1-p1  gene_product=ribose-phosphate pyrophosphokinase, putative 
>PF3D7_1329400.1-p1  gene_product=AMP deaminase 
>PF3D7_1330700.1-p1  gene_product=GPI transamidase subunit PIG-U, putative 
>PF3D7_1331000.1-p1  gene_product=protein kinase, putative 
>PF3D7_1331100.1-p1  gene_product=DNA polymerase theta, putative 
>PF3D7_1331300.1-p1  gene_product=signal peptidase complex catalytic subunit SEC11 
>PF3D7_1331600.1-p1  gene_product=3-hydroxyacyl-CoA dehydratase DEH 
>PF3D7_1332500.1-p1  gene_product=SAM-dependent RNA methyltransferase, putative 
>PF3D7_1332600.1-p1  gene_product=DNA-(apurinic or apyrimidinic site) lyase 1 
>PF3D7_1332700.1-p1  gene_product=ATP-dependent RNA helicase DBP8, putative 
>PF3D7_1332900.1-p1  gene_product=isoleucine--tRNA ligase, putative 
>PF3D7_1337000.1-p1  gene_product=mitochondrial intermediate peptidase, putative 
>PF3D7_1337100.1-p1  gene_product=protein kinase 6 
>PF3D7_1337200.1-p1  gene_product=1-deoxy-D-xylulose 5-phosphate synthase 
>PF3D7_1338900.1-p1  gene_product=serine/threonine protein kinase, putative 
>PF3D7_1339400.1-p1  gene_product=cytochrome c oxidase subunit ApiCOX14, putative 
>PF3D7_1341600.1-p1  gene_product=GPI mannosyltransferase 3 
>PF3D7_1342100.1-p1  gene_product=aconitate hydratase 
>PF3D7_1342400.1-p1  gene_product=casein kinase II beta chain 
>PF3D7_1342700.1-p1  gene_product=DNA-directed RNA polymerases I, II, and III subunit RPABC4, putative 
>PF3D7_1343000.1-p1  gene_product=phosphoethanolamine N-methyltransferase 
>PF3D7_1343200.1-p1  gene_product=tRNA guanosine-2'-O-methyltransferase, putative 
>PF3D7_1343600.1-p1  gene_product=UDP-N-acetylglucosamine pyrophosphorylase, putative 
>PF3D7_1344000.1-p1  gene_product=aminomethyltransferase, putative 
>PF3D7_1344500.1-p1  gene_product=U6 snRNA phosphodiesterase, putative 
>PF3D7_1344600.1-p1  gene_product=lipoyl synthase 
>PF3D7_1344800.1-p1  gene_product=aspartate carbamoyltransferase 
>PF3D7_1345200.1-p1  gene_product=rhomboid protease ROM6, putative 
>PF3D7_1345300.1-p1  gene_product=cytochrome c oxidase subunit ApiCOX16, putative 
>PF3D7_1345700.1-p1  gene_product=isocitrate dehydrogenase [NADP], mitochondrial 
>PF3D7_1348100.1-p1  gene_product=GTPase, putative 
>PF3D7_1348800.1-p1  gene_product=E1-E2 ATPase, putative 
>PF3D7_1349100.1-p1  gene_product=nucleoside diphosphate hydrolase, putative 
>PF3D7_1349400.1-p1  gene_product=cytidine and deoxycytidylate deaminase, putative 
>PF3D7_1349700.1-p1  gene_product=peptidase, putative 
>PF3D7_1350100.1-p1  gene_product=lysine--tRNA ligase 
>PF3D7_1350700.1-p1  gene_product=N6-adenine-specific methylase, putative 
>PF3D7_1352600.1-p1  gene_product=protein kinase, putative 
>PF3D7_1354200.1-p1  gene_product=phosphoinositide phosphatase SAC1 
>PF3D7_1354400.1-p1  gene_product=V-type proton ATPase 21 kDa proteolipid subunit, putative 
>PF3D7_1355300.1-p1  gene_product=histone-lysine N-methyltransferase, putative 
>PF3D7_1355500.1-p1  gene_product=serine/threonine protein phosphatase 5 
>PF3D7_1356200.1-p1  gene_product=mitochondrial import inner membrane translocase subunit TIM23, putative 
>PF3D7_1357200.1-p1  gene_product=glutamate--tRNA ligase 
>PF3D7_1358000.1-p1  gene_product=patatin-like phospholipase, putative 
>PF3D7_1358300.1-p1  gene_product=rhomboid protease ROM7, putative 
>PF3D7_1359300.1-p1  gene_product=exosome complex exonuclease RRP44 
>PF3D7_1360000.1-p1  gene_product=ATP synthase-associated protein, putative 
>PF3D7_1360500.1-p1  gene_product=guanylyl cyclase beta 
>PF3D7_1361000.1-p1  gene_product=protein arginine N-methyltransferase 5, putative 
>PF3D7_1361700.1-p1  gene_product=cytochrome c oxidase subunit 2A, putative 
>PF3D7_1362000.1-p1  gene_product=cytochrome c oxidase subunit ApiCOX24, putative 
>PF3D7_1362200.1-p1  gene_product=RuvB-like helicase 3 
>PF3D7_1362500.1-p1  gene_product=3'-5' exonuclease, putative 
>PF3D7_1364600.1-p1  gene_product=aldehyde reductase, putative 
>PF3D7_1364800.1-p1  gene_product=DNA-directed RNA polymerases I, II, and III subunit RPABC1, putative 
>PF3D7_1364900.1-p1  gene_product=ferrochelatase 
>PF3D7_1365400.1-p1  gene_product=adenylyltransferase and sulfurtransferase UBA4, putative 
>PF3D7_1365500.1-p1  gene_product=aminomethyltransferase, mitochondrial, putative 
>PF3D7_1366800.1-p1  gene_product=phosphatidylserine synthase 
>PF3D7_1367500.1-p1  gene_product=NADH-cytochrome b5 reductase, putative 
>PF3D7_1367700.1-p1  gene_product=alanine--tRNA ligase 
>PF3D7_1368600.1-p1  gene_product=mitochondrial import inner membrane translocase subunit TIM9, putative 
>PF3D7_1371700.1-p1  gene_product=serine/threonine protein kinase, FIKK family 
>PF3D7_1372400.1-p1  gene_product=acyl-CoA synthetase 
>PF3D7_1401300.1-p1  gene_product=epoxide hydrolase 2 
>PF3D7_1401800.1-p1  gene_product=choline kinase 
>PF3D7_1402100.1-p1  gene_product=pseudouridine synthase, putative 
>PF3D7_1402200.1-p1  gene_product=cytochrome c oxidase subunit ApiCOX19, putative 
>PF3D7_1404000.1-p1  gene_product=DNA-directed RNA polymerase II subunit RPB4, putative 
>PF3D7_1404600.1-p1  gene_product=adenylyl cyclase alpha 
>PF3D7_1406300.1-p1  gene_product=glycerophosphodiester phosphodiesterase 
>PF3D7_1406600.1-p1  gene_product=ATP-dependent Clp protease regulatory subunit ClpC 
>PF3D7_1407100.1-p1  gene_product=rRNA 2'-O-methyltransferase fibrillarin, putative 
>PF3D7_1407500.1-p1  gene_product=multifunctional methyltransferase subunit TRM112, putative 
>PF3D7_1407800.1-p1  gene_product=plasmepsin IV 
>PF3D7_1407900.1-p1  gene_product=plasmepsin I 
>PF3D7_1408000.1-p1  gene_product=plasmepsin II 
>PF3D7_1408100.1-p1  gene_product=plasmepsin III 
>PF3D7_1408900.1-p1  gene_product=tRNA-dihydrouridine synthase, putative 
>PF3D7_1409100.1-p1  gene_product=aldo-keto reductase, putative 
>PF3D7_1409600.1-p1  gene_product=histidine phosphatase, putative 
>PF3D7_1409900.1-p1  gene_product=cytidine diphosphate-diacylglycerol synthase 
>PF3D7_1411200.1-p1  gene_product=rhomboid protease ROM8 
>PF3D7_1411900.1-p1  gene_product=p1/s1 nuclease, putative 
>PF3D7_1412000.1-p1  gene_product=p1/s1 nuclease, putative 
>PF3D7_1414400.1-p1  gene_product=serine/threonine protein phosphatase PP1 
>PF3D7_1414500.1-p1  gene_product=atypical protein kinase, ABC-1 family, putative 
>PF3D7_1414900.1-p1  gene_product=ATP-dependent protease, putative 
>PF3D7_1415200.1-p1  gene_product=DNA-directed RNA polymerases I and III subunit RPAC2, putative 
>PF3D7_1415700.1-p1  gene_product=serine palmitoyltransferase, putative 
>PF3D7_1415800.1-p1  gene_product=ribosomal RNA small subunit methyltransferase A1 
>PF3D7_1416300.1-p1  gene_product=N-acyl-phosphatidylethanolamine-hydrolyzing phospholipase D, putative 
>PF3D7_1416800.1-p1  gene_product=lysine--tRNA ligase, putative 
>PF3D7_1417900.1-p1  gene_product=ATP synthase-associated protein, putative 
>PF3D7_1419800.2-p1  gene_product=glutathione reductase 
>PF3D7_1420400.1-p1  gene_product=glycine--tRNA ligase 
>PF3D7_1420900.1-p1  gene_product=mannose-1-phosphate guanyltransferase, putative 
>PF3D7_1421400.1-p1  gene_product=DNA-directed RNA polymerase III subunit RPC6, putative 
>PF3D7_1421500.1-p1  gene_product=mitochondrial import inner membrane translocase subunit TIM8, putative 
>PF3D7_1422000.1-p1  gene_product=cytochrome c oxidase assembly protein COX14, putative 
>PF3D7_1422500.1-p1  gene_product=ERAD-associated E3 ubiquitin-protein ligase HRD1 
>PF3D7_1423600.1-p1  gene_product=calcium-dependent protein kinase, putative 
>PF3D7_1425200.1-p1  gene_product=enoyl-CoA hydratase, putative 
>PF3D7_1426200.1-p1  gene_product=protein arginine N-methyltransferase 1 
>PF3D7_1426700.1-p1  gene_product=phosphoenolpyruvate carboxylase 
>PF3D7_1427100.1-p1  gene_product=lipase, putative 
>PF3D7_1428600.1-p1  gene_product=peptide chain release factor 1 
>PF3D7_1429000.1-p1  gene_product=protein archease, putative 
>PF3D7_1429400.1-p1  gene_product=rRNA (adenosine-2'-O-)-methyltransferase, putative 
>PF3D7_1430100.1-p1  gene_product=serine/threonine protein phosphatase 2A activator 
>PF3D7_1430200.1-p1  gene_product=plasmepsin IX 
>PF3D7_1430700.1-p1  gene_product=NADP-specific glutamate dehydrogenase 
>PF3D7_1430900.1-p1  gene_product=cytochrome c oxidase subunit 2B, putative 
>PF3D7_1431600.1-p1  gene_product=succinate--CoA ligase [ADP-forming] subunit beta 
>PF3D7_1431800.1-p1  gene_product=apyrase, putative 
>PF3D7_1432700.1-p1  gene_product=protein-L-isoaspartate(D-aspartate) O-methyltransferase, putative 
>PF3D7_1433600.1-p1  gene_product=signal peptidase complex subunit SPC1, putative 
>PF3D7_1433900.1-p1  gene_product=protein kinase, putative 
>PF3D7_1434500.1-p1  gene_product=dynein-related AAA-type ATPase, putative 
>PF3D7_1434700.1-p1  gene_product=mitochondrial import inner membrane translocase subunit TIM17, putative 
>PF3D7_1435000.1-p1  gene_product=cytochrome c oxidase assembly protein COX15, putative 
>PF3D7_1435800.1-p1  gene_product=GTPase Era, putative 
>PF3D7_1436800.1-p1  gene_product=ATP-dependent Clp protease proteolytic subunit 
>PF3D7_1437000.1-p1  gene_product=N-acetyltransferase, GNAT family, putative 
>PF3D7_1437700.1-p1  gene_product=succinyl-CoA ligase, putative 
>PF3D7_1439600.1-p1  gene_product=cytochrome c oxidase subunit NDUFA4, putative 
>PF3D7_1439900.1-p1  gene_product=triosephosphate isomerase 
>PF3D7_1440200.1-p1  gene_product=stromal-processing peptidase, putative 
>PF3D7_1440300.1-p1  gene_product=porphobilinogen synthase 
>PF3D7_1440500.1-p1  gene_product=allantoicase, putative 
>PF3D7_1441700.1-p1  gene_product=mitochondrial inner membrane protease ATP23, putative 
>PF3D7_1443500.1-p1  gene_product=poly(A)-specific ribonuclease PARN, putative 
>PF3D7_1443700.1-p1  gene_product=dephospho-CoA kinase 
>PF3D7_1444300.1-p1  gene_product=1-acyl-sn-glycerol-3-phosphate acyltransferase, putative 
>PF3D7_1444700.1-p1  gene_product=shikimate dehydrogenase, putative 
>PF3D7_1445100.1-p1  gene_product=histidine--tRNA ligase, putative 
>PF3D7_1445900.1-p1  gene_product=ATP-dependent RNA helicase DDX17 
>PF3D7_1446200.1-p1  gene_product=M17 leucyl aminopeptidase 
>PF3D7_1446400.1-p1  gene_product=pyruvate dehydrogenase E1 component subunit beta 
>PF3D7_1446900.1-p1  gene_product=glutaminyl-peptide cyclotransferase, putative 
>PF3D7_1448400.1-p1  gene_product=ubiquitin-protein ligase, putative 
>PF3D7_1450000.1-p1  gene_product=serine/threonine protein kinase, putative 
>PF3D7_1450300.1-p1  gene_product=NADPH--cytochrome P450 reductase, putative 
>PF3D7_1450600.1-p1  gene_product=S-adenosylmethionine-dependent methyltransferase, putative 
>PF3D7_1450900.1-p1  gene_product=acetyl-CoA acetyltransferase, putative 
>PF3D7_1452200.1-p1  gene_product=aminomethyltransferase, putative 
>PF3D7_1453500.1-p1  gene_product=NAD(P) transhydrogenase, putative 
>PF3D7_1454100.1-p1  gene_product=tRNA intron endonuclease, putative 
>PF3D7_1454400.1-p1  gene_product=aminopeptidase P 
>PF3D7_1455000.1-p1  gene_product=protein phosphatase PPM3, putative 
>PF3D7_1455100.1-p1  gene_product=protein tyrosine phosphatase, putative 
>PF3D7_1455900.1-p1  gene_product=polyprenol reductase 
>PF3D7_1456100.1-p1  gene_product=serine hydroxymethyltransferase 
>PF3D7_1456800.1-p1  gene_product=V-type H(+)-translocating pyrophosphatase, putative 
>PF3D7_1457000.1-p1  gene_product=signal peptide peptidase 
>PF3D7_1458000.1-p1  gene_product=cysteine proteinase falcipain 1 
>PF3D7_1458300.1-p1  gene_product=alpha/beta hydrolase, putative 
>PF3D7_1458400.1-p1  gene_product=aminodeoxychorismate lyase 
>PF3D7_1458700.1-p1  gene_product=exonuclease V, mitochondrial, putative 
>PF3D7_1459000.1-p1  gene_product=ATP-dependent RNA helicase DBP5 
>PF3D7_1459700.1-p1  gene_product=pyridoxal 5'-phosphate synthase, putative 
>PF3D7_1460000.1-p1  gene_product=biotin--protein ligase 2 
>PF3D7_1460400.1-p1  gene_product=ubiquitin carboxyl-terminal hydrolase isozyme L3 
>PF3D7_1461900.1-p1  gene_product=valine--tRNA ligase, putative 
>PF3D7_1463000.1-p1  gene_product=mediator of RNA polymerase II transcription subunit 20, putative 
>PF3D7_1463300.1-p1  gene_product=DNA polymerase alpha subunit B, putative 
>PF3D7_1464600.1-p1  gene_product=serine/threonine protein phosphatase UIS2, putative 
>PF3D7_1464900.1-p1  gene_product=ATP-dependent zinc metalloprotease FTSH, putative 
>PF3D7_1465000.1-p1  gene_product=cytochrome c oxidase subunit 6A, putative 
>PF3D7_1465700.1-p1  gene_product=plasmepsin VIII, putative 
>PF3D7_1466100.1-p1  gene_product=protein phosphatase containing kelch-like domains 
>PF3D7_1467300.1-p1  gene_product=1-deoxy-D-xylulose 5-phosphate reductoisomerase 
>PF3D7_1467900.1-p1  gene_product=rab GTPase activator, putative 
>PF3D7_1469200.1-p1  gene_product=shewanella-like protein phosphatase 1, putative 
>PF3D7_1469600.1-p1  gene_product=acetyl-CoA carboxylase 
>PF3D7_1469800.1-p1  gene_product=mediator of RNA polymerase II transcription subunit 22, putative 
>PF3D7_1470500.1-p1  gene_product=cGMP-specific 3',5'-cyclic phosphodiesterase delta 
>PF3D7_1471000.1-p1  gene_product=RNA 3'-terminal phosphate cyclase-like protein, putative 
>PF3D7_1472200.1-p1  gene_product=histone deacetylase, putative 
>PF3D7_1472600.1-p1  gene_product=protein disulfide-isomerase 
>PF3D7_1472700.1-p1  gene_product=DNA-directed RNA polymerase, alpha subunit, putative 
>PF3D7_1472900.1-p1  gene_product=dihydroorotase, putative 
>PF3D7_1475000.1-p1  gene_product=mediator of RNA polymerase II transcription subunit 31, putative 
>PF3D7_1475300.1-p1  gene_product=cytochrome c oxidase assembly protein COX11, putative 
>PF3D7_1476700.1-p1  gene_product=lysophospholipase LPL1 
>PF3D7_1476800.1-p1  gene_product=lysophospholipase, putative 
>PF3D7_1479000.1-p1  gene_product=acyl-CoA synthetase 
>PF3D7_API04300.1-p1  gene_product=DNA-directed RNA polymerase subunit beta', putative 
>PF3D7_MIT01400.1-p1  gene_product=cytochrome c oxidase subunit 3 
>PF3D7_MIT02100.1-p1  gene_product=cytochrome c oxidase subunit 1 
